Row,Mean,Std,RMS,Min,Max,P95
x,1.97971688528607,1.46824707739806,2.45223073626459,0,5.76001243782684,4.8038844853
y,2.29442287734428,1.57919992017439,2.77254309816151,0,5.4410882176434,5.24941140447952
diameter,2.92806880238379,2.55926769019308,3.86475088698026,0,8.58073161296908,7.29605129495152
