Row,Mean,Std,RMS,Min,Max,P95
x,2.44762851132541,1.86258735627729,3.05957449405181,0.0511452079162922,8.99488547920804,5.46901818040517
y,3.32042614804413,2.3598816564851,4.0540295716394,0.182343784745598,10.0733822548367,7.94380719832661
diameter,6.9224863416867,4.34629026665201,8.1407207983203,0.048307360630595,16.2041239373326,14.6046191530076
